Time,Event Time,State at A,State at B,Comment
s,s,State,State,

0,0.000000,0,1,
0.002168,0.002168,1,1,
0.0230239,0.023024,0,1,
0.02556,0.025560,0,0,
0.4842959,0.484296,0,1,
0.5088,0.508800,0,0,
0.519992,0.519992,1,0,
0.541808,0.541808,0,0,
0.986424,0.986424,0,1,
1.009248,1.009248,0,0,
1.013504,1.013504,1,0,
1.0371439,1.037144,0,0,
1.49156,1.491560,1,0,
1.507768,1.507768,1,1,
1.515784,1.515784,0,1,
1.530128,1.530128,0,0,
1.978184,1.978184,1,0,
2.0008799,2.000880,0,0,
2.01516,2.015160,0,1,
2.0391199,2.039120,0,0,
2.4925679,2.492568,1,0,
2.50448,2.504480,1,1,
2.513624,2.513624,0,1,
2.5304159,2.530416,0,0,
2.9790159,2.979016,0,1,
3.0043759,3.004376,0,0,
3.00964,3.009640,1,0,
3.031232,3.031232,0,0,
3.479944,3.479944,0,1,
3.503216,3.503216,0,0,
3.5140399,3.514040,1,0,
3.537648,3.537648,0,0,
3.991344,3.991344,1,0,
3.994136,3.994136,1,1,
4.015808,4.015808,0,1,
4.0166959,4.016696,0,0,
4.474952,4.474952,1,0,
4.498312,4.498312,0,0,
4.511632,4.511632,0,1,
4.53536,4.535360,0,0,
4.97984,4.979840,1,0,
5.001496,5.001496,0,0,
5.002232,5.002232,0,1,
5.0278159,5.027816,0,0,
5.481568,5.481568,0,1,
5.501072,5.501072,1,1,
5.5076,5.507600,1,0,
5.5224399,5.522440,0,0,
5.969144,5.969144,0,1,
5.993432,5.993432,0,0,
6.008648,6.008648,1,0,
6.03164,6.031640,0,0,
6.485464,6.485464,0,1,
6.494904,6.494904,1,1,
6.508128,6.508128,1,0,
6.519824,6.519824,0,0,
6.970136,6.970136,1,0,
6.994296,6.994296,0,0,
7.000632,7.000632,0,1,
7.024016,7.024016,0,0,
7.471792,7.471792,1,0,
7.493872,7.493872,0,0,
7.504144,7.504144,0,1,
7.529728,7.529728,0,0,
7.9796159,7.979616,0,1,
7.988216,7.988216,1,1,
8.006008,8.006008,1,0,
8.0097119,8.009712,0,0,
8.4663039,8.466304,0,1,
8.49128,8.491280,0,0,
8.504472,8.504472,1,0,
8.5272399,8.527240,0,0,
8.9715519,8.971552,0,1,
8.9940799,8.994080,1,1,
8.9948799,8.994880,1,0,
9.0187119,9.018712,0,0,
9.4713039,9.471304,1,0,
9.493376,9.493376,1,1,
9.4961519,9.496152,0,1,
9.516544,9.516544,0,0,
9.9612399,9.961240,1,0,
9.9843359,9.984336,0,0,
9.998,9.998000,0,1,
10.0230159,10.023020,0,0,
10.4781839,10.478180,1,0,
10.4840399,10.484040,1,1,
10.499792,10.499790,0,1,
10.5109039,10.510900,0,0,
10.9595519,10.959550,0,1,
10.9855119,10.985510,0,0,
10.9944879,10.994490,1,0,
11.0169199,11.016920,0,0,
11.4640879,11.464090,0,1,
11.4878319,11.487830,0,0,
11.495448,11.495450,1,0,
11.5200559,11.520060,0,0,
11.9702559,11.970260,1,0,
11.9796079,11.979610,1,1,
11.9955439,11.995540,0,1,
12.00288,12.002880,0,0,
12.456712,12.456710,1,0,
12.4804559,12.480460,0,0,
12.4953279,12.495330,0,1,
12.520088,12.520090,0,0,
12.964768,12.964770,1,0,
12.9820559,12.982060,1,1,
12.98692,12.986920,0,1,
13.008664,13.008660,0,0,
13.461016,13.461020,0,1,
13.48628,13.486280,1,1,
13.487704,13.487700,1,0,
13.508448,13.508450,0,0,
13.952016,13.952020,0,1,
13.97676,13.976760,0,0,
13.9907999,13.990800,1,0,
14.01484,14.014840,0,0,
14.4706799,14.470680,0,1,
14.4736799,14.473680,1,1,
14.493984,14.493980,1,0,
14.499488,14.499490,0,0,
14.950392,14.950390,1,0,
14.975048,14.975050,0,0,
14.984784,14.984780,0,1,
15.0091119,15.009110,0,0,
15.4557999,15.455800,1,0,
15.478352,15.478350,0,0,
15.4847359,15.484740,0,1,
15.511416,15.511420,0,0,
15.958208,15.958210,0,1,
15.9733439,15.973340,1,1,
15.9853999,15.985400,1,0,
15.995544,15.995540,0,0,
16.447816,16.447820,0,1,
16.473256,16.473260,0,0,
16.4875039,16.487500,1,0,
16.5113759,16.511380,0,0,
16.9560879,16.956090,0,1,
16.973128,16.973130,1,1,
16.9799519,16.979950,1,0,
16.998672,16.998670,0,0,
17.450376,17.450380,1,0,
17.475848,17.475850,0,0,
17.4779199,17.477920,0,1,
17.5019679,17.501970,0,0,
17.943952,17.943950,1,0,
17.9674479,17.967450,0,0,
17.979352,17.979350,0,1,
18.005456,18.005460,0,0,
18.4623439,18.462340,0,1,
18.463096,18.463100,1,1,
18.48528,18.485280,0,1,
18.490088,18.490090,0,0,
18.9396479,18.939650,0,1,
18.96612,18.966120,0,0,
18.9780799,18.978080,1,0,
19.0014079,19.001410,0,0,
19.447744,19.447740,0,1,
19.4719439,19.471940,0,0,
19.4753279,19.475330,1,0,
19.5009039,19.500900,0,0,
19.948248,19.948250,1,0,
19.9641999,19.964200,1,1,
19.9742799,19.974280,0,1,
19.9882159,19.988220,0,0,
20.438152,20.438150,1,0,
20.4622159,20.462220,0,0,
20.4775679,20.477570,0,1,
20.5034079,20.503410,0,0,
20.949112,20.949110,1,0,
20.9604799,20.960480,1,1,
20.9717199,20.971720,0,1,
20.9880879,20.988090,0,0,
21.4398239,21.439820,0,1,
21.46708,21.467080,0,0,
21.47044,21.470440,1,0,
21.493408,21.493410,0,0,
21.9345279,21.934530,0,1,
21.9596959,21.959700,0,0,
21.9713439,21.971340,1,0,
21.996464,21.996460,0,0,
22.451344,22.451340,1,0,
22.4550399,22.455040,1,1,
22.47788,22.477880,0,1,
22.479,22.479000,0,0,
22.9302159,22.930220,1,0,
22.9553759,22.955380,0,0,
22.967616,22.967620,0,1,
22.9929359,22.992940,0,0,
23.439224,23.439220,1,0,
23.4622159,23.462220,0,0,
23.4637599,23.463760,0,1,
23.491528,23.491530,0,0,
23.935864,23.935860,0,1,
23.9575039,23.957500,1,1,
23.963776,23.963780,1,0,
23.9804559,23.980460,0,0,
24.4290159,24.429020,0,1,
24.4548399,24.454840,0,0,
24.469016,24.469020,1,0,
24.493872,24.493870,0,0,
24.9399439,24.939940,0,1,
24.950816,24.950820,1,1,
24.9643679,24.964370,1,0,
24.9772639,24.977260,0,0,
25.4287439,25.428740,1,0,
25.4547199,25.454720,0,0,
25.4613279,25.461330,0,1,
25.4863119,25.486310,0,0,
25.9263199,25.926320,1,0,
25.9501439,25.950140,0,0,
25.9590639,25.959060,0,1,
25.9862639,25.986260,0,0,
26.4394879,26.439490,0,1,
26.4472,26.447200,1,1,
26.468048,26.468050,1,0,
26.4699919,26.469990,0,0,
26.919256,26.919260,0,1,
26.9461919,26.946190,0,0,
26.9603759,26.960380,1,0,
26.984656,26.984660,0,0,
27.430896,27.430900,0,1,
27.4534399,27.453440,1,1,
27.455592,27.455590,1,0,
27.480136,27.480140,0,0,
27.925464,27.925460,1,0,
27.947752,27.947750,1,1,
27.952096,27.952100,0,1,
27.972584,27.972580,0,0,
28.4191519,28.419150,1,0,
28.443624,28.443620,0,0,
28.458328,28.458330,0,1,
28.485304,28.485300,0,0,
28.9327759,28.932780,1,0,
28.937432,28.937430,1,1,
28.955968,28.955970,0,1,
28.966008,28.966010,0,0,
29.418096,29.418100,0,1,
29.445872,29.445870,0,0,
29.453272,29.453270,1,0,
29.4772559,29.477260,0,0,
29.9166,29.916600,0,1,
29.942208,29.942210,0,0,
29.9502879,29.950290,1,0,
29.976456,29.976460,0,0,
30.427864,30.427860,1,0,
30.438664,30.438660,1,1,
30.455152,30.455150,0,1,
30.4633519,30.463350,0,0,
30.9096959,30.909700,1,0,
30.9352639,30.935260,0,0,
30.949072,30.949070,0,1,
30.975464,30.975460,0,0,
31.42224,31.422240,1,0,
31.4412639,31.441260,1,1,
31.445648,31.445650,0,1,
31.470128,31.470130,0,0,
31.912824,31.912820,0,1,
31.940784,31.940780,1,1,
31.941392,31.941390,1,0,
31.9644799,31.964480,0,0,
32.4099999,32.410000,0,1,
32.4362,32.436200,0,0,
32.448544,32.448540,1,0,
32.475048,32.475050,0,0,
32.923288,32.923290,0,1,
32.9269679,32.926970,1,1,
32.948296,32.948300,1,0,
32.9553359,32.955340,0,0,
33.4068479,33.406850,1,0,
33.433144,33.433140,0,0,
33.443656,33.443660,0,1,
33.46964,33.469640,0,0,
33.908504,33.908500,1,0,
33.9326639,33.932660,0,0,
33.9372479,33.937250,0,1,
33.9655519,33.965550,0,0,
34.41572,34.415720,0,1,
34.4306799,34.430680,1,1,
34.4450239,34.445020,1,0,
34.454184,34.454190,0,0,
34.89872,34.898720,0,1,
34.926072,34.926070,0,0,
34.9413119,34.941310,1,0,
34.9666799,34.966680,0,0,
35.4137119,35.413710,0,1,
35.430096,35.430100,1,1,
35.4389199,35.438920,1,0,
35.457848,35.457850,0,0,
35.9021599,35.902160,1,0,
35.92932,35.929320,0,0,
35.930416,35.930420,0,1,
35.95612,35.956120,0,0,
36.400008,36.400010,1,0,
36.424904,36.424900,0,0,
36.437584,36.437580,0,1,
36.465744,36.465740,0,0,
36.9132559,36.913260,0,1,
36.915856,36.915860,1,1,
36.9397199,36.939720,0,1,
36.9427279,36.942730,0,0,
37.396144,37.396140,0,1,
37.424392,37.424390,0,0,
37.4349999,37.435000,1,0,
37.459984,37.459980,0,0,
37.898472,37.898470,0,1,
37.924544,37.924550,0,0,
37.9277279,37.927730,1,0,
37.954896,37.954900,0,0,
38.40352,38.403520,1,0,
38.42156,38.421560,1,1,
38.431576,38.431580,0,1,
38.447032,38.447030,0,0,
38.889072,38.889070,1,0,
38.9149679,38.914970,0,0,
38.9291599,38.929160,0,1,
38.9566559,38.956660,0,0,
39.4048559,39.404860,1,0,
39.4173199,39.417320,1,1,
39.4287439,39.428750,0,1,
39.447216,39.447220,0,0,
39.889288,39.889290,0,1,
39.918464,39.918460,0,0,
39.9229599,39.922960,1,0,
39.947544,39.947540,0,0,
40.390656,40.390660,0,1,
40.4172639,40.417260,0,0,
40.427544,40.427540,1,0,
40.454592,40.454590,0,0,
40.9022159,40.902220,1,0,
40.9058639,40.905860,1,1,
40.9304879,40.930490,0,1,
40.93156,40.931560,0,0,
41.38464,41.384640,1,0,
41.4114,41.411400,0,0,
41.424608,41.424610,0,1,
41.451712,41.451710,0,0,
41.890104,41.890100,1,0,
41.913824,41.913820,1,1,
41.914792,41.914790,0,1,
41.9432959,41.943290,0,0,
42.39116,42.391160,0,1,
42.412976,42.412980,1,1,
42.4211759,42.421180,1,0,
42.437304,42.437310,0,0,
42.8778559,42.877860,0,1,
42.905632,42.905630,0,0,
42.9206559,42.920650,1,0,
42.9471439,42.947140,0,0,
43.39584,43.395840,0,1,
43.405384,43.405380,1,1,
43.4216399,43.421640,1,0,
43.434,43.434000,0,0,
43.878344,43.878350,1,0,
43.9061359,43.906140,0,0,
43.9117679,43.911770,0,1,
43.938488,43.938490,0,0,
44.380528,44.380530,1,0,
44.405744,44.405740,0,0,
44.415256,44.415260,0,1,
44.444648,44.444650,0,0,
44.8879359,44.887940,0,1,
44.8981919,44.898190,1,1,
44.9183199,44.918320,1,0,
44.9226479,44.922650,0,0,
45.373872,45.373870,0,1,
45.402496,45.402500,0,0,
45.4154,45.415400,1,0,
45.441392,45.441390,0,0,
45.8797999,45.879800,0,1,
45.903608,45.903610,1,1,
45.9063279,45.906330,1,0,
45.931888,45.931890,0,0,
46.3785359,46.378540,1,0,
46.4033919,46.403390,1,1,
46.407168,46.407170,0,1,
46.429752,46.429750,0,0,
46.868224,46.868230,1,0,
46.894472,46.894470,0,0,
46.9076479,46.907650,0,1,
46.936344,46.936340,0,0,
47.386792,47.386790,1,0,
47.3920879,47.392090,1,1,
47.411248,47.411250,0,1,
47.4229999,47.423000,0,0,
47.865376,47.865380,0,1,
47.89508,47.895080,0,0,
47.903968,47.903970,1,0,
47.929528,47.929530,0,0,
48.3710399,48.371040,0,1,
48.3980559,48.398060,0,0,
48.404328,48.404330,1,0,
48.4326239,48.432620,0,0,
48.8764399,48.876440,1,0,
48.8876639,48.887660,1,1,
48.9054559,48.905460,0,1,
48.9141039,48.914100,0,0,
49.362272,49.362270,1,0,
49.3893999,49.389400,0,0,
49.4042879,49.404290,0,1,
49.432576,49.432580,0,0,
49.87144,49.871440,1,0,
49.888968,49.888970,1,1,
49.896584,49.896580,0,1,
49.919568,49.919570,0,0,
50.3661199,50.366120,0,1,
50.394504,50.394500,1,1,
50.3967279,50.396730,1,0,
50.41972,50.419720,0,0,
50.856984,50.856980,0,1,
50.885112,50.885110,0,0,
50.8986159,50.898620,1,0,
50.9262159,50.926220,0,0,
51.377536,51.377540,0,1,
51.379504,51.379510,1,1,
51.4039519,51.403950,1,0,
51.4090799,51.409080,0,0,
51.8544,51.854400,1,0,
51.882624,51.882630,0,0,
51.8921599,51.892160,0,1,
51.919928,51.919930,0,0,
52.3609839,52.360980,1,0,
52.386528,52.386530,0,0,
52.3914479,52.391450,0,1,
52.422072,52.422070,0,0,
52.861936,52.861930,0,1,
52.87992,52.879920,1,1,
52.8931119,52.893110,1,0,
52.9051039,52.905110,0,0,
53.3516239,53.351620,0,1,
53.380584,53.380580,0,0,
53.39456,53.394560,1,0,
53.4216879,53.421690,0,0,
53.860984,53.860980,0,1,
53.878112,53.878110,1,1,
53.888008,53.888010,1,0,
53.907472,53.907470,0,0,
54.353296,54.353290,1,0,
54.382416,54.382420,0,0,
54.384456,54.384460,0,1,
54.411776,54.411780,0,0,
54.8474559,54.847460,1,0,
54.874048,54.874050,0,0,
54.88488,54.884880,0,1,
54.914792,54.914790,0,0,
55.365896,55.365890,0,1,
55.368408,55.368410,1,1,
55.393504,55.393510,0,1,
55.397736,55.397740,0,0,
55.841552,55.841550,0,1,
55.871696,55.871700,0,0,
55.884016,55.884010,1,0,
55.910624,55.910630,0,0,
56.35144,56.351440,0,1,
56.378856,56.378860,0,0,
56.379856,56.379860,1,0,
56.409296,56.409290,0,0,
56.850168,56.850170,1,0,
56.868952,56.868950,1,1,
56.879896,56.879890,0,1,
56.8961999,56.896200,0,0,
57.340088,57.340090,1,0,
57.367536,57.367530,0,0,
57.3827839,57.382790,0,1,
57.412296,57.412300,0,0,
57.852616,57.852620,1,0,
57.862976,57.862980,1,1,
57.878248,57.878250,0,1,
57.894648,57.894650,0,0,
58.34096,58.340960,0,1,
58.372072,58.372070,0,0,
58.375248,58.375250,1,0,
58.401392,58.401390,0,0,
58.836192,58.836190,0,1,
58.864672,58.864670,0,0,
58.8752079,58.875210,1,0,
58.903976,58.903980,0,0,
59.352752,59.352750,1,0,
59.358832,59.358830,1,1,
59.383184,59.383180,0,1,
59.3859359,59.385940,0,0,
59.830608,59.830610,1,0,
59.859168,59.859170,0,0,
59.871456,59.871460,0,1,
59.900352,59.900350,0,0,
60.3414,60.341400,1,0,
60.3663599,60.366360,1,1,
60.367336,60.367340,0,1,
60.398192,60.398190,0,0,
60.835536,60.835540,0,1,
60.861,60.861000,1,1,
60.867416,60.867420,1,0,
60.886984,60.886990,0,0,
61.329536,61.329540,0,1,
61.358816,61.358810,0,0,
61.372448,61.372450,1,0,
61.4007759,61.400780,0,0,
61.841856,61.841850,0,1,
61.851496,61.851500,1,1,
61.86944,61.869440,1,0,
61.8818639,61.881860,0,0,
62.32804,62.328040,1,0,
62.357576,62.357570,0,0,
62.364664,62.364660,0,1,
62.393024,62.393020,0,0,
62.8267599,62.826760,1,0,
62.853696,62.853690,0,0,
62.860736,62.860740,0,1,
62.891896,62.891900,0,0,
63.338968,63.338970,0,1,
63.349568,63.349570,1,1,
63.3716479,63.371650,1,0,
63.375344,63.375340,0,0,
63.817848,63.817850,0,1,
63.8483679,63.848370,0,0,
63.8628799,63.862880,1,0,
63.890608,63.890610,0,0,
64.331712,64.331710,0,1,
64.35404,64.354040,1,1,
64.3595759,64.359570,1,0,
64.3845999,64.384600,0,0,
64.823504,64.823500,1,0,
64.849504,64.849500,1,1,
64.853888,64.853890,0,1,
64.87764,64.877640,0,0,
65.318096,65.318090,1,0,
65.345784,65.345790,0,0,
65.359976,65.359980,0,1,
65.390784,65.390790,0,0,
65.83348,65.833480,1,0,
65.8359119,65.835910,1,1,
65.85964,65.859640,0,1,
65.868616,65.868610,0,0,
66.3157839,66.315780,0,1,
66.3473279,66.347330,0,0,
66.3550719,66.355070,1,0,
66.38224,66.382240,0,0,
66.81544,66.815440,0,1,
66.84428,66.844280,0,0,
66.8503999,66.850400,1,0,
66.88036,66.880360,0,0,
67.325368,67.325370,1,0,
67.3396159,67.339610,1,1,
67.3565519,67.356550,0,1,
67.367488,67.367490,0,0,
67.8069919,67.806990,1,0,
67.8358559,67.835850,0,0,
67.849632,67.849630,0,1,
67.8797039,67.879710,0,0,
68.321664,68.321660,1,0,
68.339928,68.339930,1,1,
68.348056,68.348050,0,1,
68.372936,68.372930,0,0,
68.808888,68.808890,0,1,
68.84128,68.841280,1,1,
68.841368,68.841370,1,0,
68.868168,68.868170,0,0,
69.3075679,69.307570,0,1,
69.337136,69.337140,0,0,
69.3489199,69.348920,1,0,
69.37852,69.378520,0,0,
69.8224,69.822400,0,1,
69.823848,69.823840,1,1,
69.8506,69.850600,1,0,
69.8551279,69.855130,0,0,
70.302808,70.302810,1,0,
70.33272,70.332720,0,0,
70.343848,70.343850,0,1,
70.373344,70.373340,0,0,
70.806112,70.806110,1,0,
70.8333679,70.833370,0,0,
70.835128,70.835130,0,1,
70.867536,70.867540,0,0,
71.311424,71.311420,0,1,
71.3301199,71.330120,1,1,
71.3448399,71.344840,1,0,
71.356664,71.356670,0,0,
71.794288,71.794290,0,1,
71.825144,71.825140,0,0,
71.8404719,71.840470,1,0,
71.869376,71.869380,0,0,
72.311792,72.311790,0,1,
72.326824,72.326820,1,1,
72.34016,72.340160,1,0,
72.358488,72.358490,0,0,
72.7967199,72.796720,1,0,
72.827608,72.827610,0,0,
72.8291919,72.829190,0,1,
72.8583199,72.858320,0,0,
73.2962079,73.296210,1,0,
73.3241599,73.324160,0,0,
73.3357279,73.335730,0,1,
73.3678559,73.367860,0,0,
73.8078879,73.807880,0,1,
73.81396,73.813960,1,1,
73.8407359,73.840740,0,1,
73.8415359,73.841540,0,0,
74.2907039,74.290700,0,1,
74.3226,74.322600,0,0,
74.333776,74.333780,1,0,
74.362056,74.362050,0,0,
74.7946559,74.794650,0,1,
74.823888,74.823890,0,0,
74.8241039,74.824100,1,0,
74.855232,74.855230,0,0,
75.2974639,75.297460,1,0,
75.3197359,75.319730,1,1,
75.3293039,75.329310,0,1,
75.348472,75.348470,0,0,
75.783568,75.783570,1,0,
75.8127119,75.812710,0,0,
75.826416,75.826420,0,1,
75.85776,75.857760,0,0,
76.301704,76.301700,1,0,
76.31224,76.312240,1,1,
76.3285839,76.328580,0,1,
76.346368,76.346370,0,0,
76.782152,76.782150,0,1,
76.815152,76.815160,0,0,
76.820656,76.820660,1,0,
76.848528,76.848530,0,0,
77.2856879,77.285690,0,1,
77.315568,77.315570,0,0,
77.3239119,77.323910,1,0,
77.3547919,77.354790,0,0,
77.795344,77.795340,1,0,
77.802464,77.802470,1,1,
77.8275039,77.827510,0,1,
77.831368,77.831370,0,0,
78.277768,78.277770,1,0,
78.307968,78.307970,0,0,
78.321848,78.321850,0,1,
78.3525839,78.352580,0,0,
78.785376,78.785380,1,0,
78.808104,78.808110,1,1,
78.813024,78.813030,0,1,
78.841752,78.841750,0,0,
79.2835039,79.283500,0,1,
79.3099759,79.309970,1,1,
79.3175519,79.317550,1,0,
79.3373759,79.337380,0,0,
79.770944,79.770940,0,1,
79.8020959,79.802090,0,0,
79.816656,79.816660,1,0,
79.8468,79.846800,0,0,
80.2915759,80.291570,0,1,
80.29844,80.298440,1,1,
80.320504,80.320500,1,0,
80.3311119,80.331120,0,0,
80.7699679,80.769970,1,0,
80.8012639,80.801260,0,0,
80.807912,80.807910,0,1,
80.8381359,80.838130,0,0,
81.274424,81.274420,1,0,
81.3026639,81.302670,0,0,
81.3099759,81.309970,0,1,
81.3434559,81.343450,0,0,
81.7791759,81.779170,0,1,
81.7938959,81.793900,1,1,
81.8136799,81.813680,1,0,
81.821384,81.821380,0,0,
82.265824,82.265820,0,1,
82.298008,82.298010,0,0,
82.3112479,82.311250,1,0,
82.340744,82.340740,0,0,
82.773792,82.773790,0,1,
82.7963999,82.796400,1,1,
82.803472,82.803470,1,0,
82.828688,82.828690,0,0,
83.269368,83.269370,1,0,
83.2991119,83.299110,1,1,
83.3017359,83.301730,0,1,
83.3288159,83.328820,0,0,
83.760392,83.760390,1,0,
83.7897919,83.789790,0,0,
83.8018479,83.801850,0,1,
83.8345279,83.834530,0,0,
84.28148,84.281480,1,0,
84.283496,84.283490,1,1,
84.3089119,84.308910,0,1,
84.3186559,84.318660,0,0,
84.7555759,84.755580,0,1,
84.789008,84.789010,0,0,
84.7990399,84.799040,1,0,
84.8279759,84.827970,0,0,
85.26392,85.263920,0,1,
85.294128,85.294130,0,0,
85.297456,85.297450,1,0,
85.329624,85.329620,0,0,
85.766312,85.766310,1,0,
85.782032,85.782030,1,1,
85.799216,85.799220,0,1,
85.8117439,85.811740,0,0,
86.253096,86.253100,1,0,
86.2835279,86.283530,0,0,
86.2986799,86.298680,0,1,
86.3307519,86.330750,0,0,
86.7646479,86.764650,1,0,
86.779872,86.779870,1,1,
86.7927359,86.792730,0,1,
86.814728,86.814730,0,0,
87.2555759,87.255580,0,1,
87.289136,87.289140,1,1,
87.290144,87.290150,1,0,
87.317504,87.317500,0,0,
87.747928,87.747920,0,1,
87.7793679,87.779370,0,0,
87.7915199,87.791520,1,0,
87.82296,87.822960,0,0,
88.2692079,88.269210,1,0,
88.271136,88.271130,1,1,
88.300736,88.300740,1,0,
88.302824,88.302830,0,0,
88.743528,88.743530,1,0,
88.7752,88.775200,0,0,
88.7856879,88.785690,0,1,
88.817112,88.817120,0,0,
89.252848,89.252850,1,0,
89.281408,89.281410,0,0,
89.282904,89.282910,0,1,
89.317752,89.317750,0,0,
89.7501039,89.750110,0,1,
89.7733839,89.773380,1,1,
89.785376,89.785380,1,0,
89.8016959,89.801700,0,0,
90.241384,90.241390,0,1,
90.2738079,90.273810,0,0,
90.287576,90.287570,1,0,
90.318344,90.318340,0,0,
90.752912,90.752910,0,1,
90.7675759,90.767580,1,1,
90.783104,90.783100,1,0,
90.800984,90.800990,0,0,
91.2414319,91.241430,1,0,
91.274232,91.274230,0,0,
91.2777919,91.277790,0,1,
91.308576,91.308580,0,0,
91.7376159,91.737620,1,0,
91.76728,91.767280,0,0,
91.7759519,91.775960,0,1,
91.81,91.810000,0,0,
92.25408,92.254080,0,1,
92.2609839,92.260990,1,1,
92.289104,92.289100,0,1,
92.2901759,92.290180,0,0,
92.7294,92.729400,0,1,
92.7631679,92.763170,0,0,
92.776448,92.776450,1,0,
92.8065599,92.806560,0,0,
93.2423439,93.242350,0,1,
93.26964,93.269640,1,1,
93.272936,93.272930,1,0,
93.303096,93.303090,0,0,
93.7370959,93.737100,1,0,
93.761072,93.761070,1,1,
93.770664,93.770660,0,1,
93.79168,93.791680,0,0,
94.2288559,94.228860,1,0,
94.2594879,94.259490,0,0,
94.274304,94.274310,0,1,
94.3077919,94.307790,0,0,
94.743848,94.743850,1,0,
94.750552,94.750550,1,1,
94.772432,94.772430,0,1,
94.7865439,94.786540,0,0,
95.227864,95.227870,0,1,
95.26284,95.262840,0,0,
95.267472,95.267470,1,0,
95.2969119,95.296910,0,0,
95.725208,95.725200,0,1,
95.756936,95.756940,0,0,
95.764984,95.764980,1,0,
95.797704,95.797710,0,0,
96.239312,96.239310,1,0,
96.250368,96.250370,1,1,
96.273776,96.273770,0,1,
96.280712,96.280710,0,0,
96.717536,96.717540,1,0,
96.749472,96.749470,0,0,
96.76236,96.762360,0,1,
96.795064,96.795070,0,0,
97.231392,97.231390,1,0,
97.2545119,97.254510,1,1,
97.2603039,97.260310,0,1,
97.290672,97.290670,0,0,
97.7209599,97.720960,0,1,
97.752264,97.752270,1,1,
97.756856,97.756860,1,0,
97.7814399,97.781440,0,0,
98.217328,98.217330,0,1,
98.249968,98.249970,0,0,
98.262552,98.262550,1,0,
98.2946879,98.294690,0,0,
98.731888,98.731890,0,1,
98.73768,98.737680,1,1,
98.7626559,98.762660,1,0,
98.7721359,98.772130,0,0,
99.213776,99.213780,1,0,
99.246912,99.246910,0,0,
99.2555599,99.255560,0,1,
99.287544,99.287540,0,0,
99.715088,99.715090,1,0,
99.745048,99.745050,0,0,
99.748632,99.748630,0,1,
99.7840559,99.784060,0,0,
100.2241519,100.224200,0,1,
100.2401039,100.240100,1,1,
100.2610479,100.261000,1,0,
100.268976,100.269000,0,0,
100.703648,100.703700,0,1,
100.737696,100.737700,0,0,
100.7526159,100.752600,1,0,
100.784032,100.784000,0,0,
101.2207919,101.220800,0,1,
101.240528,101.240500,1,1,
101.2518159,101.251800,1,0,
101.2752079,101.275200,0,0,
101.7078159,101.707800,1,0,
101.739392,101.739400,1,1,
101.7419439,101.741900,0,1,
101.771024,101.771000,0,0,
102.20504,102.205000,1,0,
102.2358639,102.235900,0,0,
102.24852,102.248500,0,1,
102.28348,102.283500,0,0,
102.7203519,102.720400,0,1,
102.7228239,102.722800,1,1,
102.7519839,102.752000,0,1,
102.7573599,102.757400,0,0,
103.2004719,103.200500,0,1,
103.2357519,103.235700,0,0,
103.244856,103.244900,1,0,
103.275504,103.275500,0,0,
103.702736,103.702700,0,1,
103.734776,103.734800,0,0,
103.7369519,103.737000,1,0,
103.7710159,103.771000,0,0,
104.209088,104.209100,1,0,
104.22912,104.229100,1,1,
104.244232,104.244200,0,1,
104.260312,104.260300,0,0,
104.692032,104.692000,1,0,
104.7242,104.724200,0,0,
104.7377839,104.737800,0,1,
104.7718639,104.771900,0,0,
105.20992,105.209900,1,0,
105.224864,105.224900,1,1,
105.2392799,105.239300,0,1,
105.2622799,105.262300,0,0,
105.6919039,105.691900,0,1,
105.7283279,105.728300,0,0,
105.7303039,105.730300,1,0,
105.760544,105.760500,0,0,
106.1936159,106.193600,0,1,
106.22648,106.226500,0,0,
106.2360559,106.236100,1,0,
106.2696479,106.269600,0,0,
106.706976,106.707000,1,0,
106.71056,106.710600,1,1,
106.7420159,106.742000,1,0,
106.7423439,106.742300,0,0,
107.1865519,107.186600,1,0,
107.2199359,107.219900,0,0,
107.2322559,107.232300,0,1,
107.265552,107.265500,0,0,
107.69272,107.692700,1,0,
107.719888,107.719900,1,1,
107.722992,107.723000,0,1,
107.756688,107.756700,0,0,
108.193888,108.193900,0,1,
108.21868,108.218700,1,1,
108.231488,108.231500,1,0,
108.2484,108.248400,0,0,
108.67836,108.678400,0,1,
108.712656,108.712700,0,0,
108.72744,108.727400,1,0,
108.760192,108.760200,0,0,
109.199136,109.199100,0,1,
109.210168,109.210200,1,1,
109.230696,109.230700,1,0,
109.246024,109.246000,0,0,
109.678792,109.678800,1,0,
109.71332,109.713300,0,0,
109.716864,109.716900,0,1,
109.74964,109.749600,0,0,
110.181544,110.181500,1,0,
110.212568,110.212600,0,0,
110.22128,110.221300,0,1,
110.257744,110.257700,0,0,
110.6893679,110.689400,0,1,
110.701424,110.701400,1,1,
110.727368,110.727400,1,0,
110.731312,110.731300,0,0,
111.17352,111.173500,0,1,
111.209056,111.209100,0,0,
111.221032,111.221000,1,0,
111.252952,111.253000,0,0,
111.680288,111.680300,0,1,
111.7074639,111.707500,1,1,
111.71272,111.712700,1,0,
111.742808,111.742800,0,0,
112.178624,112.178600,1,0,
112.207208,112.207200,1,1,
112.214328,112.214300,0,1,
112.239416,112.239400,0,0,
112.666968,112.667000,1,0,
112.699312,112.699300,0,0,
112.711752,112.711800,0,1,
112.747304,112.747300,0,0,
113.1882479,113.188200,1,0,
113.194136,113.194100,1,1,
113.218152,113.218200,0,1,
113.23272,113.232700,0,0,
113.663056,113.663100,0,1,
113.6998879,113.699900,0,0,
113.707424,113.707400,1,0,
113.738824,113.738800,0,0,
114.170216,114.170200,0,1,
114.203328,114.203300,0,0,
114.208008,114.208000,1,0,
114.2430479,114.243000,0,0,
114.675648,114.675700,1,0,
114.688736,114.688700,1,1,
114.711856,114.711900,0,1,
114.7209839,114.721000,0,0,
115.159736,115.159700,1,0,
115.193296,115.193300,0,0,
115.207816,115.207800,0,1,
115.242528,115.242500,0,0,
115.670432,115.670400,1,0,
115.689728,115.689700,1,1,
115.701088,115.701100,0,1,
115.727872,115.727900,0,0,
116.163656,116.163700,0,1,
116.196496,116.196500,1,1,
116.201792,116.201800,1,0,
116.227232,116.227200,0,0,
116.653416,116.653400,0,1,
116.687912,116.687900,0,0,
116.700832,116.700800,1,0,
116.735024,116.735000,0,0,
117.177248,117.177200,0,1,
117.178768,117.178800,1,1,
117.20944,117.209400,1,0,
117.215688,117.215700,0,0,
117.650088,117.650100,1,0,
117.684952,117.685000,0,0,
117.693272,117.693300,0,1,
117.727312,117.727300,0,0,
118.15824,118.158200,1,0,
118.1895199,118.189500,0,0,
118.19256,118.192600,0,1,
118.230536,118.230500,0,0,
118.657976,118.658000,0,1,
118.679552,118.679600,1,1,
118.696784,118.696800,1,0,
118.710224,118.710200,0,0,
119.147008,119.147000,0,1,
119.1827039,119.182700,0,0,
119.195936,119.195900,1,0,
119.229352,119.229400,0,0,
119.657832,119.657800,0,1,
119.676688,119.676700,1,1,
119.690712,119.690700,1,0,
119.7132559,119.713300,0,0,
120.148256,120.148300,1,0,
120.184496,120.184500,0,0,
120.18456,120.184600,0,1,
120.21788,120.217900,0,0,
120.642312,120.642300,1,0,
120.674808,120.674800,0,0,
120.684328,120.684300,0,1,
120.721384,120.721400,0,0,
121.16252,121.162500,0,1,
121.166344,121.166300,1,1,
121.196832,121.196800,0,1,
121.202152,121.202100,0,0,
121.63464,121.634600,0,1,
121.671792,121.671800,0,0,
121.6835199,121.683500,1,0,
121.716152,121.716100,0,0,
122.146952,122.146900,0,1,
122.178568,122.178600,1,1,
122.180384,122.180400,1,0,
122.215024,122.215000,0,0,
122.64416,122.644200,1,0,
122.666408,122.666400,1,1,
122.680944,122.680900,0,1,
122.699568,122.699600,0,0,
123.13344,123.133400,1,0,
123.167184,123.167200,0,0,
123.182024,123.182000,0,1,
123.218304,123.218300,0,0,
123.64808,123.648100,1,0,
123.658464,123.658500,1,1,
123.679288,123.679300,0,1,
123.697816,123.697800,0,0,
124.133704,124.133700,0,1,
124.172208,124.172200,0,0,
124.173488,124.173500,1,0,
124.2054319,124.205400,0,0,
124.628952,124.629000,0,1,
124.663648,124.663700,0,0,
124.672768,124.672800,1,0,
124.708456,124.708500,0,0,
125.146776,125.146800,1,0,
125.155112,125.155100,1,1,
125.184576,125.184600,0,1,
125.188,125.188000,0,0,
125.621976,125.622000,1,0,
125.657072,125.657100,0,0,
125.668616,125.668600,0,1,
125.70404,125.704000,0,0,
126.1351759,126.135200,1,0,
126.162536,126.162500,1,1,
126.16672,126.166700,0,1,
126.201968,126.202000,0,0,
126.62656,126.626600,0,1,
126.657128,126.657100,1,1,
126.666024,126.666000,1,0,
126.688712,126.688700,0,0,
127.121096,127.121100,0,1,
127.156928,127.156900,0,0,
127.169632,127.169600,1,0,
127.204448,127.204400,0,0,
127.6353279,127.635300,0,1,
127.644832,127.644800,1,1,
127.668744,127.668700,1,0,
127.682656,127.682700,0,0,
128.118432,128.118400,1,0,
128.154888,128.154900,0,0,
128.161072,128.161100,0,1,
128.195648,128.195600,0,0,
128.618112,128.618100,1,0,
128.65084,128.650800,0,0,
128.655472,128.655500,0,1,
128.694064,128.694100,0,0,
129.13044,129.130400,0,1,
129.144096,129.144100,1,1,
129.170984,129.171000,1,0,
129.175352,129.175400,0,0,
129.606856,129.606900,0,1,
129.644264,129.644300,0,0,
129.658472,129.658500,1,0,
129.69248,129.692500,0,0,
130.123856,130.123900,0,1,
130.14768,130.147700,1,1,
130.15768,130.157700,1,0,
130.18556,130.185600,0,0,
130.612656,130.612700,1,0,
130.643472,130.643500,1,1,
130.650184,130.650200,0,1,
130.677704,130.677700,0,0,
131.107824,131.107800,1,0,
131.141672,131.141700,0,0,
131.154944,131.154900,0,1,
131.192832,131.192800,0,0,
131.625728,131.625700,1,0,
131.626264,131.626300,1,1,
131.657424,131.657400,0,1,
131.666848,131.666900,0,0,
132.10416,132.104200,0,1,
132.143016,132.143000,0,0,
132.149656,132.149700,1,0,
132.182816,132.182800,0,0,
132.604792,132.604800,0,1,
132.639784,132.639800,0,0,
132.643288,132.643300,1,0,
132.680456,132.680500,0,0,
133.114336,133.114300,1,0,
133.132568,133.132600,1,1,
133.152968,133.153000,0,1,
133.166368,133.166400,0,0,
133.594544,133.594500,1,0,
133.629864,133.629900,0,0,
133.6428,133.642800,0,1,
133.679752,133.679700,0,0,
134.11224,134.112200,1,0,
134.13116,134.131200,1,1,
134.144224,134.144200,0,1,
134.172032,134.172000,0,0,
134.59536,134.595400,0,1,
134.634,134.634000,1,1,
134.635408,134.635400,1,0,
134.666712,134.666700,0,0,
135.09568,135.095700,0,1,
135.131696,135.131700,0,0,
135.141848,135.141800,1,0,
135.178256,135.178300,0,0,
135.612208,135.612200,1,0,
135.61272,135.612700,1,1,
135.646832,135.646800,1,0,
135.65104,135.651000,0,0,
136.089176,136.089200,1,0,
136.125872,136.125900,0,0,
136.136656,136.136700,0,1,
136.172664,136.172700,0,0,
136.594288,136.594300,1,0,
136.625264,136.625300,1,1,
136.627264,136.627300,0,1,
136.665408,136.665400,0,0,
137.098136,137.098100,0,1,
137.121496,137.121500,1,1,
137.139464,137.139500,1,0,
137.153656,137.153700,0,0,
137.57976,137.579800,0,1,
137.617344,137.617300,0,0,
137.632168,137.632200,1,0,
137.667656,137.667700,0,0,
138.100888,138.100900,0,1,
138.115608,138.115600,1,1,
138.135208,138.135200,1,0,
138.154888,138.154900,0,0,
138.581544,138.581500,1,0,
138.61944,138.619400,0,0,
138.619816,138.619800,0,1,
138.655256,138.655300,0,0,
139.082224,139.082200,1,0,
139.116736,139.116700,0,0,
139.126496,139.126500,0,1,
139.16604,139.166000,0,0,
139.593328,139.593300,0,1,
139.60328,139.603300,1,1,
139.635,139.635000,1,0,
139.635672,139.635700,0,0,
140.075448,140.075500,0,1,
140.114488,140.114500,0,0,
140.124656,140.124600,1,0,
140.15924,140.159200,0,0,
140.581096,140.581100,0,1,
140.612272,140.612300,1,1,
140.616408,140.616400,1,0,
140.650928,140.650900,0,0,
141.081952,141.082000,1,0,
141.109592,141.109600,1,1,
141.121248,141.121200,0,1,
141.144408,141.144400,0,0,
141.56776,141.567800,1,0,
141.603152,141.603100,0,0,
141.615672,141.615700,0,1,
141.654216,141.654200,0,0,
142.089496,142.089500,1,0,
142.098688,142.098700,1,1,
142.121936,142.121900,0,1,
142.14088,142.140900,0,0,
142.564528,142.564500,0,1,
142.605072,142.605100,0,0,
142.61,142.610000,1,0,
142.64396,142.644000,0,0,
143.07076,143.070800,0,1,
143.107016,143.107000,0,0,
143.112472,143.112500,1,0,
143.150672,143.150700,0,0,
143.57888,143.578900,1,0,
143.589752,143.589800,1,1,
143.618552,143.618500,0,1,
143.624728,143.624700,0,0,
144.060456,144.060500,1,0,
144.097456,144.097500,0,0,
144.111024,144.111000,0,1,
144.148616,144.148600,0,0,
144.570488,144.570500,1,0,
144.593512,144.593500,1,1,
144.603904,144.603900,0,1,
144.635216,144.635200,0,0,
145.065664,145.065700,0,1,
145.098128,145.098100,1,1,
145.107672,145.107700,1,0,
145.131424,145.131400,0,0,
145.553104,145.553100,0,1,
145.59092,145.590900,0,0,
145.604216,145.604200,1,0,
145.641344,145.641300,0,0,
146.077632,146.077600,0,1,
146.082384,146.082400,1,1,
146.112616,146.112600,1,0,
146.122808,146.122800,0,0,
146.55072,146.550700,1,0,
146.589016,146.589000,0,0,
146.595064,146.595100,0,1,
146.631944,146.631900,0,0,
147.05792,147.057900,1,0,
147.092048,147.092000,0,0,
147.096176,147.096200,0,1,
147.137544,147.137500,0,0,
147.559864,147.559900,0,1,
147.579992,147.580000,1,1,
147.60252,147.602500,1,0,
147.6132,147.613200,0,0,
148.046792,148.046800,0,1,
148.086024,148.086000,0,0,
148.098544,148.098500,1,0,
148.134616,148.134600,0,0,
148.557176,148.557200,0,1,
148.579744,148.579700,1,1,
148.592952,148.593000,1,0,
148.619848,148.619800,0,0,
149.049376,149.049400,1,0,
149.08564,149.085600,1,1,
149.089136,149.089100,0,1,
149.121696,149.121700,0,0,
149.541392,149.541400,1,0,
149.576976,149.577000,0,0,
149.58688,149.586900,0,1,
149.627192,149.627200,0,0,
150.065008,150.065000,0,1,
150.066192,150.066200,1,1,
150.099336,150.099300,0,1,
150.108464,150.108500,0,0,
150.534136,150.534100,0,1,
150.574944,150.575000,0,0,
150.584936,150.584900,1,0,
150.620264,150.620300,0,0,
151.045968,151.046000,0,1,
151.081456,151.081500,1,1,
151.082448,151.082400,1,0,
151.121248,151.121200,0,0,
151.545208,151.545200,1,0,
151.566232,151.566200,1,1,
151.585712,151.585700,0,1,
151.602168,151.602200,0,0,
152.032448,152.032500,1,0,
152.06944,152.069400,0,0,
152.084016,152.084000,0,1,
152.12332,152.123300,0,0,
152.546968,152.547000,1,0,
152.5604,152.560400,1,1,
152.580784,152.580800,0,1,
152.60352,152.603500,0,0,
153.033704,153.033700,0,1,
153.074104,153.074100,1,1,
153.076048,153.076000,1,0,
153.108544,153.108600,0,0,
153.527144,153.527100,0,1,
153.56504,153.565000,0,0,
153.57488,153.574900,1,0,
153.613616,153.613600,0,0,
154.048272,154.048300,1,0,
154.054408,154.054400,1,1,
154.0898,154.089800,0,1,
154.09008,154.090100,0,0,
154.52076,154.520800,1,0,
154.559288,154.559300,0,0,
154.569288,154.569300,0,1,
154.607632,154.607600,0,0,
155.033568,155.033600,1,0,
155.06456,155.064600,1,1,
155.068032,155.068000,0,1,
155.10756,155.107600,0,0,
155.526368,155.526400,0,1,
155.556504,155.556500,1,1,
155.569664,155.569700,1,0,
155.590784,155.590800,0,0,
156.019352,156.019300,0,1,
156.0586,156.058600,0,0,
156.070936,156.070900,1,0,
156.108824,156.108800,0,0,
156.533536,156.533500,0,1,
156.546208,156.546200,1,1,
156.569784,156.569800,1,0,
156.587368,156.587400,0,0,
157.01744,157.017400,1,0,
157.057648,157.057600,0,0,
157.061168,157.061200,0,1,
157.098536,157.098500,0,0,
157.5158,157.515800,1,0,
157.551504,157.551500,0,0,
157.556656,157.556700,0,1,
157.598632,157.598600,0,0,
158.030968,158.031000,0,1,
158.04288,158.042900,1,1,
158.075384,158.075400,1,0,
158.076784,158.076800,0,0,
158.504616,158.504600,0,1,
158.545576,158.545600,0,0,
158.558792,158.558800,1,0,
158.5956,158.595600,0,0,
159.021736,159.021700,0,1,
159.049104,159.049100,1,1,
159.058504,159.058500,1,0,
159.090336,159.090300,0,0,
159.511672,159.511700,1,0,
159.542288,159.542300,1,1,
159.552792,159.552800,0,1,
159.579296,159.579300,0,0,
160.005328,160.005300,1,0,
160.04232,160.042300,0,0,
160.05576,160.055800,0,1,
160.096808,160.096800,0,0,
160.523472,160.523500,1,0,
160.526392,160.526400,1,1,
160.557816,160.557800,0,1,
160.5708,160.570800,0,0,
161.002304,161.002300,0,1,
161.044936,161.044900,0,0,
161.049304,161.049300,1,0,
161.085064,161.085100,0,0,
161.501752,161.501800,0,1,
161.539816,161.539800,0,0,
161.543952,161.543900,1,0,
161.584456,161.584500,0,0,
162.013976,162.014000,1,0,
162.030864,162.030900,1,1,
162.056312,162.056300,0,1,
162.067448,162.067400,0,0,
162.491808,162.491800,1,0,
162.53044,162.530400,0,0,
162.542816,162.542800,0,1,
162.582952,162.582900,0,0,
163.009888,163.009900,1,0,
163.031432,163.031400,1,1,
163.04472,163.044700,0,1,
163.076064,163.076100,0,0,
163.49352,163.493500,0,1,
163.532648,163.532700,1,1,
163.537488,163.537500,1,0,
163.568096,163.568100,0,0,
163.992576,163.992600,0,1,
164.031928,164.031900,0,0,
164.042304,164.042300,1,0,
164.08188,164.081900,0,0,
164.510392,164.510400,0,1,
164.511608,164.511600,1,1,
164.547368,164.547400,1,0,
164.55412,164.554100,0,0,
164.986688,164.986700,1,0,
165.027032,165.027000,0,0,
165.035816,165.035800,0,1,
165.074808,165.074800,0,0,
165.491008,165.491000,1,0,
165.525328,165.525300,1,1,
165.52696,165.527000,0,1,
165.56916,165.569200,0,0,
165.996488,165.996500,0,1,
166.019736,166.019700,1,1,
166.041824,166.041800,1,0,
166.054576,166.054600,0,0,
166.47644,166.476400,0,1,
166.517528,166.517500,0,0,
166.531512,166.531500,1,0,
166.570104,166.570100,0,0,
166.997776,166.997800,0,1,
167.015504,167.015500,1,1,
167.035088,167.035100,1,0,
167.05836,167.058400,0,0,
167.478624,167.478600,1,0,
167.51812,167.518100,1,1,
167.520344,167.520300,0,1,
167.5566,167.556600,0,0,
167.979264,167.979300,1,0,
168.016336,168.016300,0,0,
168.025888,168.025900,0,1,
168.06904,168.069000,0,0,
168.491792,168.491800,0,1,
168.500176,168.500200,1,1,
168.535248,168.535200,0,1,
168.537584,168.537600,0,0,
168.971728,168.971700,0,1,
169.014688,169.014700,0,0,
169.0238,169.023800,1,0,
169.061192,169.061200,0,0,
169.476968,169.477000,0,1,
169.511816,169.511800,1,1,
169.515552,169.515500,1,0,
169.554064,169.554100,0,0,
169.979736,169.979700,1,0,
170.006808,170.006800,1,1,
170.022952,170.022900,0,1,
170.044656,170.044700,0,0,
170.463208,170.463200,1,0,
170.502048,170.502000,0,0,
170.514624,170.514600,0,1,
170.556656,170.556700,0,0,
170.985616,170.985600,1,0,
170.997472,170.997500,1,1,
171.020944,171.021000,0,1,
171.0438,171.043800,0,0,
171.460704,171.460700,0,1,
171.505232,171.505200,0,0,
171.507608,171.507600,1,0,
171.544376,171.544400,0,0,
171.965968,171.966000,0,1,
172.005544,172.005500,0,0,
172.011848,172.011800,1,0,
172.053344,172.053300,0,0,
172.476512,172.476500,1,0,
172.48608,172.486100,1,1,
172.520168,172.520200,0,1,
172.523952,172.524000,0,0,
172.956096,172.956100,1,0,
172.996592,172.996600,0,0,
173.009136,173.009100,0,1,
173.049864,173.049900,0,0,
173.4658,173.465800,1,0,
173.492192,173.492200,1,1,
173.50204,173.502000,0,1,
173.537792,173.537800,0,0,
173.962224,173.962200,0,1,
173.995264,173.995300,1,1,
174.008352,174.008300,1,0,
174.031192,174.031200,0,0,
174.447968,174.448000,0,1,
174.489256,174.489300,0,0,
174.502632,174.502600,1,0,
174.542936,174.542900,0,0,
174.973296,174.973300,0,1,
174.980672,174.980700,1,1,
175.011176,175.011200,1,0,
175.02496,175.025000,0,0,
175.445976,175.446000,1,0,
175.487984,175.488000,0,0,
175.49236,175.492400,0,1,
175.5322,175.532200,0,0,
175.95288,175.952900,1,0,
175.990104,175.990100,0,0,
175.994656,175.994700,0,1,
176.039632,176.039600,0,0,
176.456616,176.456600,0,1,
176.47584,176.475800,1,1,
176.503376,176.503400,1,0,
176.511776,176.511800,0,0,
176.94148,176.941500,0,1,
176.984416,176.984400,0,0,
176.99576,176.995800,1,0,
177.035672,177.035700,0,0,
177.452072,177.452100,0,1,
177.47772,177.477700,1,1,
177.49088,177.490900,1,0,
177.521512,177.521500,0,0,
177.945096,177.945100,1,0,
177.982072,177.982100,1,1,
177.988832,177.988800,0,1,
178.021064,178.021100,0,0,
178.435568,178.435600,1,0,
178.474464,178.474500,0,0,
178.48468,178.484700,0,1,
178.528512,178.528500,0,0,
178.961544,178.961500,1,0,
178.961984,178.962000,1,1,
178.997368,178.997400,0,1,
179.009528,179.009500,0,0,
179.428648,179.428600,0,1,
179.473336,179.473300,0,0,
179.481648,179.481600,1,0,
179.519848,179.519900,0,0,
179.940192,179.940200,0,1,
179.979384,179.979400,1,1,
179.97988,179.979900,1,0,
180.02268,180.022700,0,0,
180.440904,180.440900,1,0,
180.461792,180.461800,1,1,
180.485384,180.485400,0,1,
180.500592,180.500600,0,0,
180.926648,180.926700,1,0,
180.967096,180.967100,0,0,
180.981144,180.981100,0,1,
181.02364,181.023600,0,0,
181.441328,181.441300,1,0,
181.457536,181.457500,1,1,
181.477976,181.478000,0,1,
181.504664,181.504700,0,0,
181.928352,181.928300,0,1,
181.970304,181.970300,1,1,
181.97488,181.974900,1,0,
182.007528,182.007500,0,0,
182.420816,182.420800,0,1,
182.46216,182.462200,0,0,
182.472096,182.472100,1,0,
182.514272,182.514300,0,0,
182.944768,182.944800,1,0,
182.949104,182.949100,1,1,
182.987728,182.987700,1,0,
182.990168,182.990200,0,0,
183.414448,183.414400,1,0,
183.456592,183.456600,0,0,
183.465688,183.465700,0,1,
183.507184,183.507200,0,0,
183.927448,183.927400,1,0,
183.9616,183.961600,1,1,
183.964824,183.964800,0,1,
184.008448,184.008500,0,0,
184.421288,184.421300,0,1,
184.451504,184.451500,1,1,
184.468832,184.468800,1,0,
184.488448,184.488400,0,0,
184.912568,184.912600,0,1,
184.955472,184.955500,0,0,
184.967888,184.967900,1,0,
185.008784,185.008800,0,0,
185.427416,185.427400,0,1,
185.442424,185.442400,1,1,
185.466704,185.466700,1,0,
185.487608,185.487600,0,0,
185.911632,185.911600,1,0,
185.955568,185.955600,0,0,
185.956584,185.956600,0,1,
185.996968,185.997000,0,0,
186.408792,186.408800,1,0,
186.447616,186.447600,0,0,
186.453232,186.453200,0,1,
186.498936,186.498900,0,0,
186.926176,186.926200,0,1,
186.937304,186.937300,1,1,
186.973888,186.973900,0,1,
186.974832,186.974800,0,0,
187.397672,187.397700,0,1,
187.442416,187.442400,0,0,
187.45448,187.454500,1,0,
187.494288,187.494300,0,0,
187.91484,187.914800,0,1,
187.945624,187.945600,1,1,
187.954744,187.954700,1,0,
187.9906,187.990600,0,0,
188.405672,188.405700,1,0,
188.436872,188.436900,1,1,
188.450712,188.450700,0,1,
188.476816,188.476800,0,0,
188.898208,188.898200,1,0,
188.93852,188.938500,0,0,
188.95176,188.951800,0,1,
188.996232,188.996200,0,0,
189.416832,189.416800,1,0,
189.4218,189.421800,1,1,
189.453952,189.453900,0,1,
189.47036,189.470400,0,0,
189.89532,189.895300,0,1,
189.941968,189.942000,0,0,
189.944512,189.944500,1,0,
189.983152,189.983200,0,0,
190.394296,190.394300,0,1,
190.435648,190.435700,0,0,
190.439904,190.439900,1,0,
190.483864,190.483900,0,0,
190.908576,190.908600,1,0,
190.924584,190.924600,1,1,
190.954904,190.954900,0,1,
190.964064,190.964100,0,0,
191.383904,191.383900,1,0,
191.426016,191.426000,0,0,
191.43776,191.437800,0,1,
191.481024,191.481000,0,0,
191.902416,191.902400,1,0,
191.927128,191.927100,1,1,
191.940016,191.940000,0,1,
191.975696,191.975700,0,0,
192.38644,192.386400,0,1,
192.42652,192.426500,1,1,
192.434464,192.434500,1,0,
192.4646,192.464600,0,0,
192.884544,192.884500,0,1,
192.92736,192.927400,0,0,
192.937872,192.937900,1,0,
192.980608,192.980600,0,0,
193.402856,193.402900,0,1,
193.406232,193.406200,1,1,
193.442728,193.442700,1,0,
193.45268,193.452700,0,0,
193.87904,193.879000,1,0,
193.923024,193.923000,0,0,
193.93024,193.930200,0,1,
193.972208,193.972200,0,0,
194.382744,194.382800,1,0,
194.42032,194.420300,1,1,
194.421616,194.421600,0,1,
194.467872,194.467900,0,0,
194.8902,194.890200,0,1,
194.912864,194.912900,1,1,
194.93968,194.939700,1,0,
194.950352,194.950300,0,0,
195.367752,195.367800,0,1,
195.412456,195.412500,0,0,
195.426144,195.426100,1,0,
195.467752,195.467800,0,0,
195.889896,195.889900,0,1,
195.910496,195.910500,1,1,
195.930144,195.930100,1,0,
195.95704,195.957000,0,0,
196.371072,196.371100,1,0,
196.411464,196.411500,1,1,
196.41652,196.416500,0,1,
196.452736,196.452700,0,0,
196.87076,196.870800,1,0,
196.910976,196.911000,0,0,
196.920968,196.921000,0,1,
196.967448,196.967500,0,0,
197.385504,197.385500,0,1,
197.392496,197.392500,1,1,
197.4302,197.430200,0,1,
197.435272,197.435300,0,0,
197.863344,197.863300,0,1,
197.910008,197.910000,0,0,
197.917864,197.917900,1,0,
197.958072,197.958100,0,0,
198.368488,198.368500,0,1,
198.40628,198.406300,1,1,
198.409984,198.410000,1,0,
198.451968,198.452000,0,0,
198.87256,198.872600,1,0,
198.89988,198.899900,1,1,
198.919552,198.919600,0,1,
198.940416,198.940400,0,0,
199.354592,199.354600,1,0,
199.3966,199.396600,0,0,
199.40864,199.408600,0,1,
199.453824,199.453800,0,0,
199.877752,199.877700,1,0,
199.891544,199.891500,1,1,
199.915752,199.915800,0,1,
199.941712,199.941700,0,0,
200.352416,200.352400,0,1,
200.400736,200.400700,0,0,
200.400952,200.401000,1,0,
200.440376,200.440400,0,0,
200.857472,200.857500,0,1,
200.900232,200.900200,0,0,
200.90632,200.906300,1,0,
200.951056,200.951000,0,0,
201.369632,201.369600,1,0,
201.378304,201.378300,1,1,
201.417064,201.417100,0,1,
201.41896,201.419000,0,0,
201.847576,201.847600,1,0,
201.891544,201.891500,0,0,
201.902968,201.903000,0,1,
201.94672,201.946700,0,0,
202.357296,202.357300,1,0,
202.386016,202.386000,1,1,
202.396376,202.396400,0,1,
202.435376,202.435400,0,0,
202.854592,202.854600,0,1,
202.888088,202.888100,1,1,
202.904656,202.904700,1,0,
202.92672,202.926700,0,0,
203.338976,203.339000,0,1,
203.383584,203.383600,0,0,
203.396496,203.396500,1,0,
203.439984,203.440000,0,0,
203.865248,203.865200,0,1,
203.874328,203.874300,1,1,
203.905984,203.906000,1,0,
203.922256,203.922300,0,0,
204.337464,204.337500,1,0,
204.383056,204.383100,0,0,
204.385336,204.385300,0,1,
204.42812,204.428100,0,0,
204.8442,204.844200,1,0,
204.884352,204.884400,0,0,
204.888704,204.888700,0,1,
204.937232,204.937200,0,0,
205.348952,205.349000,0,1,
205.368048,205.368000,1,1,
205.399712,205.399700,1,0,
205.406584,205.406600,0,0,
205.832576,205.832600,0,1,
205.879112,205.879100,0,0,
205.89012,205.890100,1,0,
205.932072,205.932100,0,0,
206.343184,206.343200,0,1,
206.371224,206.371200,1,1,
206.384912,206.384900,1,0,
206.41864,206.418600,0,0,
206.837072,206.837100,1,0,
206.87472,206.874700,1,1,
206.88448,206.884500,0,1,
206.916504,206.916500,0,0,
207.326328,207.326300,1,0,
207.368232,207.368200,0,0,
207.37812,207.378100,0,1,
207.425288,207.425300,0,0,
207.85328,207.853300,1,0,
207.855112,207.855100,1,1,
207.891784,207.891800,0,1,
207.906624,207.906600,0,0,
208.319464,208.319500,0,1,
208.36784,208.367800,0,0,
208.374512,208.374500,1,0,
208.41548,208.415500,0,0,
208.831184,208.831200,0,1,
208.873288,208.873300,1,1,
208.873888,208.873900,1,0,
208.919872,208.919900,0,0,
209.332904,209.332900,1,0,
209.353544,209.353500,1,1,
209.381112,209.381100,0,1,
209.395112,209.395100,0,0,
209.817424,209.817400,1,0,
209.861136,209.861100,0,0,
209.874472,209.874500,0,1,
209.920144,209.920200,0,0,
210.33232,210.332300,1,0,
210.35036,210.350400,1,1,
210.37264,210.372600,0,1,
210.401368,210.401400,0,0,
210.819648,210.819600,0,1,
210.862584,210.862600,1,1,
210.870064,210.870100,1,0,
210.9024,210.902400,0,0,
211.311048,211.311100,0,1,
211.355576,211.355600,0,0,
211.365256,211.365200,1,0,
211.41064,211.410600,0,0,
211.8374,211.837400,1,0,
211.840432,211.840400,1,1,
211.881848,211.881900,1,0,
211.886472,211.886500,0,0,
212.304808,212.304800,1,0,
212.35072,212.350700,0,0,
212.358048,212.358000,0,1,
212.402552,212.402600,0,0,
212.818088,212.818100,1,0,
212.85472,212.854700,1,1,
212.858448,212.858400,0,1,
212.905232,212.905200,0,0,
213.312544,213.312500,0,1,
213.343,213.343000,1,1,
213.36404,213.364000,1,0,
213.382744,213.382800,0,0,
213.80284,213.802800,0,1,
213.8492,213.849200,0,0,
213.860856,213.860900,1,0,
213.904816,213.904800,0,0,
214.318112,214.318100,0,1,
214.334896,214.334900,1,1,
214.360232,214.360200,1,0,
214.383664,214.383700,0,0,
214.802464,214.802500,1,0,
214.848624,214.848600,1,1,
214.850128,214.850100,0,1,
214.891952,214.892000,0,0,
215.29892,215.298900,1,0,
215.340632,215.340600,0,0,
215.345968,215.346000,0,1,
215.395184,215.395200,0,0,
215.818112,215.818100,0,1,
215.828624,215.828600,1,1,
215.867928,215.867900,0,1,
215.870736,215.870700,0,0,
216.287592,216.287600,0,1,
216.336096,216.336100,0,0,
216.346816,216.346800,1,0,
216.389512,216.389500,0,0,
216.805224,216.805200,0,1,
216.838568,216.838600,1,1,
216.848144,216.848100,1,0,
216.887176,216.887200,0,0,
217.296416,217.296400,1,0,
217.328288,217.328300,1,1,
217.345224,217.345200,0,1,
217.371088,217.371100,0,0,
217.788248,217.788300,1,0,
217.831824,217.831800,0,0,
217.844408,217.844400,0,1,
217.89224,217.892200,0,0,
218.307272,218.307300,1,0,
218.31364,218.313600,1,1,
218.347136,218.347100,0,1,
218.366288,218.366300,0,0,
218.785488,218.785500,0,1,
218.83608,218.836100,0,0,
218.83656,218.836600,1,0,
218.877968,218.878000,0,0,
219.284064,219.284100,0,1,
219.328592,219.328600,0,0,
219.332304,219.332300,1,0,
219.379744,219.379700,0,0,
219.800056,219.800000,1,0,
219.815592,219.815600,1,1,
219.850288,219.850300,0,1,
219.857928,219.857900,0,0,
220.273536,220.273500,1,0,
220.319072,220.319100,0,0,
220.329776,220.329800,0,1,
220.376256,220.376300,0,0,
220.792728,220.792700,1,0,
220.819392,220.819400,1,1,
220.833192,220.833200,0,1,
220.871872,220.871900,0,0,
221.276568,221.276600,0,1,
221.317752,221.317700,1,1,
221.328632,221.328600,1,0,
221.358568,221.358600,0,0,
221.774152,221.774200,0,1,
221.820368,221.820400,0,0,
221.830336,221.830300,1,0,
221.876336,221.876300,0,0,
222.293136,222.293100,0,1,
222.297576,222.297600,1,1,
222.33588,222.335900,1,0,
222.347856,222.347900,0,0,
222.768872,222.768900,1,0,
222.816512,222.816500,0,0,
222.821944,222.821900,0,1,
222.866944,222.866900,0,0,
223.272272,223.272300,1,0,
223.312264,223.312300,1,1,
223.314104,223.314100,0,1,
223.363624,223.363600,0,0,
223.780896,223.780900,0,1,
223.803776,223.803800,1,1,
223.834504,223.834500,1,0,
223.843976,223.844000,0,0,
224.256864,224.256900,0,1,
224.305144,224.305100,0,0,
224.317952,224.317900,1,0,
224.362616,224.362600,0,0,
224.779784,224.779800,0,1,
224.802408,224.802400,1,1,
224.823024,224.823000,1,0,
224.85272,224.852700,0,0,
225.26068,225.260700,1,0,
225.302328,225.302300,1,1,
225.309912,225.309900,0,1,
225.346544,225.346500,0,0,
225.760104,225.760100,1,0,
225.803488,225.803500,0,0,
225.812904,225.812900,0,1,
225.862912,225.862900,0,0,
226.27612,226.276100,0,1,
226.282432,226.282400,1,1,
226.322896,226.322900,0,1,
226.330016,226.330000,0,0,
226.75256,226.752600,0,1,
226.80304,226.803000,0,0,
226.809304,226.809300,1,0,
226.852424,226.852400,0,0,
227.257608,227.257600,0,1,
227.297752,227.297700,1,1,
227.302184,227.302200,1,0,
227.347096,227.347100,0,0,
227.762752,227.762800,1,0,
227.790328,227.790300,1,1,
227.813664,227.813700,0,1,
227.833752,227.833800,0,0,
228.243352,228.243300,1,0,
228.288664,228.288700,0,0,
228.299896,228.299900,0,1,
228.348416,228.348400,0,0,
228.767416,228.767400,1,0,
228.78268,228.782700,1,1,
228.8082,228.808200,0,1,
228.836864,228.836900,0,0,
229.241328,229.241300,0,1,
229.291504,229.291500,1,1,
229.293632,229.293600,1,0,
229.333736,229.333700,0,0,
229.746288,229.746300,0,1,
229.792344,229.792300,0,0,
229.797864,229.797900,1,0,
229.845984,229.846000,0,0,
230.259592,230.259600,1,0,
230.26788,230.267900,1,1,
230.310952,230.311000,0,1,
230.3114,230.311400,0,0,
230.736352,230.736400,1,0,
230.783848,230.783800,0,0,
230.793864,230.793900,0,1,
230.84076,230.840800,0,0,
231.246088,231.246100,1,0,
231.27676,231.276800,1,1,
231.288008,231.288000,0,1,
231.330048,231.330000,0,0,
231.743952,231.744000,0,1,
231.778248,231.778200,1,1,
231.798112,231.798100,1,0,
231.81956,231.819600,0,0,
232.22712,232.227100,0,1,
232.275176,232.275200,0,0,
232.287328,232.287300,1,0,
232.334024,232.334000,0,0,
232.754336,232.754300,0,1,
232.764888,232.764900,1,1,
232.798024,232.798000,1,0,
232.816704,232.816700,0,0,
233.225808,233.225800,1,0,
233.275112,233.275100,0,0,
233.27532,233.275300,0,1,
233.321128,233.321100,0,0,
233.732624,233.732600,1,0,
233.77584,233.775800,0,0,
233.779552,233.779600,0,1,
233.831736,233.831700,0,0,
234.238112,234.238100,0,1,
234.257176,234.257200,1,1,
234.293032,234.293000,1,0,
234.29844,234.298400,0,0,
234.72068,234.720700,0,1,
234.77092,234.770900,0,0,
234.780624,234.780600,1,0,
234.825616,234.825600,0,0,
235.231464,235.231500,0,1,
235.261456,235.261500,1,1,
235.2762,235.276200,1,0,
235.312576,235.312600,0,0,
235.725904,235.725900,1,0,
235.764344,235.764300,1,1,
235.777184,235.777200,0,1,
235.809072,235.809100,0,0,
236.214152,236.214200,1,0,
236.259224,236.259200,0,0,
236.268352,236.268400,0,1,
236.31904,236.319000,0,0,
236.74212,236.742100,1,0,
236.744864,236.744900,1,1,
236.783392,236.783400,0,1,
236.800496,236.800500,0,0,
237.207136,237.207100,0,1,
237.259448,237.259400,0,0,
237.264208,237.264200,1,0,
237.30808,237.308100,0,0,
237.71912,237.719100,0,1,
237.763696,237.763700,1,1,
237.76508,237.765100,1,0,
237.813864,237.813900,0,0,
238.221448,238.221500,1,0,
238.242312,238.242300,1,1,
238.273632,238.273600,0,1,
238.286792,238.286800,0,0,
238.705096,238.705100,1,0,
238.752264,238.752300,0,0,
238.764488,238.764500,0,1,
238.813456,238.813500,0,0,
239.220256,239.220300,1,0,
239.239848,239.239900,1,1,
239.262392,239.262400,0,1,
239.294936,239.294900,0,0,
239.70768,239.707700,0,1,
239.752144,239.752200,1,1,
239.762144,239.762100,1,0,
239.794792,239.794800,0,0,
240.198416,240.198400,0,1,
240.246256,240.246300,0,0,
240.255184,240.255200,1,0,
240.303952,240.304000,0,0,
240.726624,240.726600,1,0,
240.72896,240.729000,1,1,
240.773296,240.773300,1,0,
240.779728,240.779700,0,0,
241.192184,241.192200,1,0,
241.2414,241.241400,0,0,
241.247392,241.247400,0,1,
241.29504,241.295000,0,0,
241.705928,241.705900,1,0,
241.744632,241.744600,1,1,
241.74912,241.749100,0,1,
241.799,241.799000,0,0,
242.200344,242.200300,0,1,
242.231664,242.231700,1,1,
242.256016,242.256000,1,0,
242.273952,242.274000,0,0,
242.690088,242.690100,0,1,
242.740024,242.740000,0,0,
242.750712,242.750700,1,0,
242.797776,242.797800,0,0,
243.205728,243.205700,0,1,
243.223928,243.223900,1,1,
243.250824,243.250800,1,0,
243.276712,243.276700,0,0,
243.690072,243.690100,1,0,
243.737784,243.737800,1,1,
243.741512,243.741500,0,1,
243.784064,243.784100,0,0,
244.186024,244.186000,1,0,
244.230904,244.230900,0,0,
244.235312,244.235300,0,1,
244.288248,244.288300,0,0,
244.7066,244.706600,0,1,
244.716904,244.716900,1,1,
244.758888,244.758900,0,1,
244.76344,244.763400,0,0,
245.174288,245.174300,0,1,
245.226448,245.226400,0,0,
245.235904,245.235900,1,0,
245.281648,245.281600,0,0,
245.69264,245.692600,0,1,
245.727992,245.728000,1,1,
245.738656,245.738700,1,0,
245.780184,245.780200,0,0,
246.183776,246.183800,1,0,
246.216432,246.216400,1,1,
246.236536,246.236500,0,1,
246.262136,246.262100,0,0,
246.675144,246.675100,1,0,
246.722,246.722000,0,0,
246.733776,246.733800,0,1,
246.785016,246.785000,0,0,
247.1948,247.194800,1,0,
247.20192,247.201900,1,1,
247.237328,247.237300,0,1,
247.25864,247.258600,0,0,
247.672528,247.672500,0,1,
247.72536,247.725400,1,1,
247.727024,247.727000,1,0,
247.7696,247.769600,0,0,
248.170688,248.170700,0,1,
248.218384,248.218400,0,0,
248.221376,248.221400,1,0,
248.272336,248.272300,0,0,
248.688056,248.688000,1,0,
248.703536,248.703500,1,1,
248.742176,248.742200,0,1,
